Channel#,Photon Energy (keV),Intenisty (ct)
0,0,0
1,0,0
2,0,0
3,0,0
4,0,0
5,0,0
6,0,0
7,0,0
8,0,0
9,0,0
10,0,0
11,0,0
12,0,0
13,0,0
14,0,0
15,0,0
16,0,0
17,0,0
18,0,0
19,0,0
20,0,0
21,0,0
22,0,0
23,0,0
24,0,0
25,0,0
26,0,0
27,0,0
28,0,0
29,0,0
30,0,0
31,0,464
32,0,512
33,0,451
34,0,511
35,0,512
36,0,504
37,0,520
38,0,524
39,0,543
40,0,553
41,0,547
42,0,597
43,0,600
44,0,648
45,0,602
46,0,650
47,0,656
48,0,667
49,0,705
50,0,703
51,0,660
52,0,723
53,0,729
54,0,777
55,0,809
56,0,833
57,0,786
58,0,799
59,0,767
60,0,813
61,0,790
62,0,765
63,0,764
64,0,778
65,0,774
66,0,784
67,0,766
68,0,718
69,0,720
70,0,707
71,0,715
72,0,680
73,0,637
74,0,701
75,0,690
76,0,670
77,0,658
78,0,621
79,0,643
80,0,642
81,0,580
82,0,599
83,0,634
84,0,601
85,0,572
86,0,511
87,0,579
88,0,552
89,0,538
90,0,546
91,0,536
92,0,505
93,0,506
94,0,557
95,0,527
96,0,571
97,0,508
98,0,553
99,0,548
100,0,521
101,0,470
102,0,478
103,0,532
104,0,519
105,0,535
106,0,461
107,0,512
108,0,499
109,0,479
110,0,481
111,0,489
112,0,491
113,0,483
114,0,441
115,0,497
116,0,428
117,0,500
118,0,472
119,0,438
120,0,447
121,0,495
122,0,441
123,0,450
124,0,459
125,0,439
126,0,425
127,0,538
128,0,503
129,0,424
130,0,424
131,0,423
132,0,424
133,0,492
134,0,431
135,0,400
136,0,426
137,0,425
138,0,464
139,0,425
140,0,362
141,0,427
142,0,422
143,0,422
144,0,436
145,0,420
146,0,424
147,0,449
148,0,404
149,0,396
150,0,421
151,0,412
152,0,384
153,0,375
154,0,427
155,0,443
156,0,412
157,0,417
158,0,427
159,0,406
160,0,421
161,0,387
162,0,404
163,0,403
164,0,391
165,0,426
166,0,387
167,0,413
168,0,374
169,0,443
170,0,395
171,0,436
172,0,407
173,0,399
174,0,388
175,0,381
176,0,408
177,0,392
178,0,374
179,0,401
180,0,390
181,0,431
182,0,369
183,0,396
184,0,399
185,0,400
186,0,397
187,0,439
188,0,376
189,0,404
190,0,361
191,0,381
192,0,426
193,0,430
194,0,385
195,0,401
196,0,349
197,0,407
198,0,349
199,0,394
200,0,382
201,0,378
202,0,389
203,0,350
204,0,360
205,0,393
206,0,389
207,0,391
208,0,413
209,0,392
210,0,382
211,0,387
212,0,370
213,0,395
214,0,382
215,0,388
216,0,404
217,0,408
218,0,354
219,0,422
220,0,368
221,0,395
222,0,374
223,0,388
224,0,395
225,0,409
226,0,347
227,0,391
228,0,364
229,0,415
230,0,326
231,0,422
232,0,399
233,0,369
234,0,385
235,0,390
236,0,310
237,0,384
238,0,363
239,0,385
240,0,374
241,0,393
242,0,332
243,0,400
244,0,370
245,0,404
246,0,337
247,0,372
248,0,383
249,0,405
250,0,374
251,0,393
252,0,350
253,0,396
254,0,369
255,0,413
256,0,449
257,0,390
258,0,384
259,0,416
260,0,391
261,0,373
262,0,388
263,0,401
264,0,358
265,0,376
266,0,378
267,0,443
268,0,366
269,0,391
270,0,376
271,0,385
272,0,371
273,0,426
274,0,361
275,0,402
276,0,314
277,0,399
278,0,375
279,0,379
280,0,377
281,0,394
282,0,375
283,0,429
284,0,381
285,0,370
286,0,411
287,0,404
288,0,445
289,0,411
290,0,370
291,0,450
292,0,372
293,0,375
294,0,395
295,0,385
296,0,358
297,0,476
298,0,367
299,0,431
300,0,387
301,0,445
302,0,379
303,0,377
304,0,385
305,0,425
306,0,364
307,0,469
308,0,311
309,0,417
310,0,376
311,0,424
312,0,385
313,0,434
314,0,364
315,0,417
316,0,383
317,0,436
318,0,406
319,0,371
320,0,428
321,0,429
322,0,403
323,0,425
324,0,398
325,0,444
326,0,375
327,0,435
328,0,390
329,0,458
330,0,365
331,0,399
332,0,340
333,0,453
334,0,403
335,0,407
336,0,416
337,0,440
338,0,379
339,0,453
340,0,367
341,0,412
342,0,407
343,0,430
344,0,411
345,0,428
346,0,381
347,0,412
348,0,438
349,0,433
350,0,425
351,0,393
352,0,430
353,0,490
354,0,432
355,0,525
356,0,368
357,0,465
358,0,439
359,0,481
360,0,432
361,0,485
362,0,405
363,0,497
364,0,400
365,0,474
366,0,400
367,0,459
368,0,454
369,0,501
370,0,444
371,0,515
372,0,425
373,0,507
374,0,460
375,0,528
376,0,485
377,0,539
378,0,450
379,0,562
380,0,512
381,0,565
382,0,552
383,0,604
384,0,624
385,0,579
386,0,535
387,0,613
388,0,485
389,0,604
390,0,514
391,0,615
392,0,572
393,0,597
394,0,579
395,0,653
396,0,526
397,0,660
398,0,585
399,0,592
400,0,655
401,0,636
402,0,631
403,0,694
404,0,562
405,0,697
406,0,603
407,0,706
408,0,638
409,0,686
410,0,596
411,0,722
412,0,582
413,0,683
414,0,617
415,0,608
416,0,685
417,0,696
418,0,609
419,0,692
420,0,541
421,0,649
422,0,587
423,0,704
424,0,557
425,0,579
426,0,607
427,0,643
428,0,475
429,0,584
430,0,554
431,0,550
432,0,540
433,0,603
434,0,509
435,0,648
436,0,488
437,0,548
438,0,445
439,0,547
440,0,447
441,0,537
442,0,475
443,0,564
444,0,429
445,0,509
446,0,468
447,0,493
448,0,494
449,0,511
450,0,455
451,0,596
452,0,423
453,0,507
454,0,476
455,0,516
456,0,472
457,0,477
458,0,450
459,0,562
460,0,446
461,0,487
462,0,445
463,0,488
464,0,508
465,0,546
466,0,469
467,0,607
468,0,448
469,0,525
470,0,484
471,0,554
472,0,532
473,0,526
474,0,513
475,0,645
476,0,510
477,0,673
478,0,598
479,0,595
480,0,716
481,0,749
482,0,614
483,0,793
484,0,691
485,0,844
486,0,775
487,0,872
488,0,857
489,0,937
490,0,877
491,0,1042
492,0,840
493,0,993
494,0,950
495,0,943
496,0,943
497,0,1019
498,0,898
499,0,1029
500,0,769
501,0,908
502,0,826
503,0,866
504,0,736
505,0,821
506,0,597
507,0,751
508,0,625
509,0,616
510,0,492
511,0,653
512,0,533
513,0,481
514,0,388
515,0,518
516,0,365
517,0,417
518,0,418
519,0,444
520,0,394
521,0,488
522,0,419
523,0,532
524,0,451
525,0,583
526,0,484
527,0,549
528,0,611
529,0,660
530,0,569
531,0,789
532,0,601
533,0,771
534,0,677
535,0,811
536,0,700
537,0,842
538,0,694
539,0,829
540,0,608
541,0,794
542,0,629
543,0,663
544,0,666
545,0,700
546,0,516
547,0,644
548,0,398
549,0,531
550,0,397
551,0,426
552,0,347
553,0,395
554,0,282
555,0,329
556,0,222
557,0,251
558,0,183
559,0,207
560,0,176
561,0,177
562,0,125
563,0,153
564,0,114
565,0,116
566,0,77
567,0,91
568,0,89
569,0,88
570,0,72
571,0,86
572,0,58
573,0,69
574,0,59
575,0,68
576,0,62
577,0,65
578,0,59
579,0,53
580,0,55
581,0,51
582,0,41
583,0,54
584,0,58
585,0,36
586,0,38
587,0,66
588,0,46
589,0,69
590,0,42
591,0,56
592,0,44
593,0,53
594,0,47
595,0,61
596,0,38
597,0,58
598,0,49
599,0,45
600,0,40
601,0,61
602,0,48
603,0,55
604,0,38
605,0,41
606,0,35
607,0,39
608,0,42
609,0,33
610,0,31
611,0,55
612,0,28
613,0,54
614,0,38
615,0,25
616,0,34
617,0,35
618,0,40
619,0,39
620,0,35
621,0,34
622,0,33
623,0,24
624,0,32
625,0,56
626,0,25
627,0,40
628,0,26
629,0,29
630,0,27
631,0,29
632,0,31
633,0,32
634,0,25
635,0,45
636,0,26
637,0,29
638,0,32
639,0,35
640,0,24
641,0,24
642,0,26
643,0,26
644,0,22
645,0,30
646,0,21
647,0,25
648,0,16
649,0,32
650,0,35
651,0,40
652,0,15
653,0,16
654,0,28
655,0,26
656,0,22
657,0,23
658,0,17
659,0,27
660,0,23
661,0,19
662,0,24
663,0,24
664,0,21
665,0,26
666,0,24
667,0,25
668,0,17
669,0,27
670,0,15
671,0,19
672,0,20
673,0,22
674,0,21
675,0,20
676,0,19
677,0,24
678,0,17
679,0,22
680,0,15
681,0,21
682,0,17
683,0,28
684,0,18
685,0,19
686,0,7
687,0,22
688,0,19
689,0,18
690,0,14
691,0,22
692,0,17
693,0,18
694,0,17
695,0,18
696,0,17
697,0,26
698,0,12
699,0,14
700,0,16
701,0,13
702,0,17
703,0,23
704,0,13
705,0,18
706,0,20
707,0,20
708,0,17
709,0,30
710,0,11
711,0,25
712,0,17
713,0,16
714,0,18
715,0,23
716,0,11
717,0,24
718,0,19
719,0,13
720,0,15
721,0,10
722,0,7
723,0,15
724,0,21
725,0,12
726,0,6
727,0,12
728,0,24
729,0,15
730,0,11
731,0,15
732,0,18
733,0,10
734,0,17
735,0,16
736,0,7
737,0,12
738,0,6
739,0,13
740,0,12
741,0,14
742,0,10
743,0,7
744,0,16
745,0,15
746,0,8
747,0,10
748,0,5
749,0,16
750,0,14
751,0,10
752,0,11
753,0,13
754,0,12
755,0,14
756,0,19
757,0,13
758,0,9
759,0,12
760,0,13
761,0,5
762,0,13
763,0,13
764,0,11
765,0,12
766,0,8
767,0,10
768,0,10
769,0,15
770,0,10
771,0,16
772,0,11
773,0,7
774,0,9
775,0,6
776,0,12
777,0,11
778,0,4
779,0,12
780,0,2
781,0,9
782,0,11
783,0,11
784,0,10
785,0,10
786,0,6
787,0,7
788,0,6
789,0,6
790,0,10
791,0,9
792,0,5
793,0,11
794,0,7
795,0,9
796,0,4
797,0,12
798,0,6
799,0,10
800,0,8
801,0,10
802,0,3
803,0,7
804,0,6
805,0,8
806,0,3
807,0,10
808,0,2
809,0,8
810,0,3
811,0,11
812,0,3
813,0,8
814,0,5
815,0,10
816,0,5
817,0,4
818,0,2
819,0,4
820,0,11
821,0,4
822,0,3
823,0,4
824,0,4
825,0,5
826,0,7
827,0,9
828,0,3
829,0,7
830,0,5
831,0,5
832,0,3
833,0,4
834,0,4
835,0,7
836,0,11
837,0,11
838,0,4
839,0,8
840,0,6
841,0,4
842,0,4
843,0,4
844,0,4
845,0,5
846,0,7
847,0,5
848,0,5
849,0,9
850,0,4
851,0,6
852,0,3
853,0,2
854,0,3
855,0,6
856,0,3
857,0,6
858,0,6
859,0,7
860,0,4
861,0,3
862,0,4
863,0,5
864,0,4
865,0,4
866,0,6
867,0,3
868,0,1
869,0,4
870,0,5
871,0,9
872,0,5
873,0,13
874,0,7
875,0,3
876,0,4
877,0,3
878,0,5
879,0,5
880,0,0
881,0,6
882,0,2
883,0,9
884,0,9
885,0,2
886,0,4
887,0,6
888,0,5
889,0,6
890,0,1
891,0,6
892,0,3
893,0,5
894,0,2
895,0,5
896,0,4
897,0,6
898,0,3
899,0,7
900,0,5
901,0,4
902,0,5
903,0,6
904,0,3
905,0,5
906,0,7
907,0,4
908,0,3
909,0,5
910,0,4
911,0,1
912,0,3
913,0,5
914,0,3
915,0,6
916,0,3
917,0,3
918,0,3
919,0,1
920,0,2
921,0,4
922,0,3
923,0,1
924,0,5
925,0,8
926,0,1
927,0,2
928,0,1
929,0,7
930,0,1
931,0,4
932,0,2
933,0,3
934,0,5
935,0,2
936,0,3
937,0,4
938,0,3
939,0,7
940,0,1
941,0,3
942,0,3
943,0,3
944,0,1
945,0,1
946,0,5
947,0,0
948,0,2
949,0,3
950,0,3
951,0,3
952,0,3
953,0,2
954,0,1
955,0,3
956,0,3
957,0,6
958,0,2
959,0,2
960,0,4
961,0,2
962,0,2
963,0,4
964,0,2
965,0,1
966,0,5
967,0,2
968,0,4
969,0,4
970,0,2
971,0,1
972,0,1
973,0,2
974,0,2
975,0,2
976,0,3
977,0,1
978,0,4
979,0,4
980,0,0
981,0,1
982,0,2
983,0,1
984,0,5
985,0,2
986,0,1
987,0,1
988,0,3
989,0,1
990,0,1
991,0,4
992,0,2
993,0,0
994,0,2
995,0,2
996,0,4
997,0,1
998,0,0
999,0,2
1000,0,0
1001,0,1
1002,0,2
1003,0,1
1004,0,0
1005,0,2
1006,0,3
1007,0,0
1008,0,2
1009,0,2
1010,0,2
1011,0,3
1012,0,0
1013,0,2
1014,0,3
1015,0,2
1016,0,1
1017,0,5
1018,0,0
1019,0,1
1020,0,1
1021,0,1
1022,0,1
1023,0,3
1024,0,4
1025,0,1
1026,0,1
1027,0,0
1028,0,0
1029,0,1
1030,0,0
1031,0,1
1032,0,1
1033,0,0
1034,0,0
1035,0,1
1036,0,0
1037,0,3
1038,0,0
1039,0,1
1040,0,3
1041,0,0
1042,0,1
1043,0,2
1044,0,1
1045,0,0
1046,0,1
1047,0,0
1048,0,0
1049,0,0
1050,0,1
1051,0,3
1052,0,0
1053,0,0
1054,0,0
1055,0,1
1056,0,1
1057,0,2
1058,0,1
1059,0,0
1060,0,0
1061,0,0
1062,0,1
1063,0,0
1064,0,0
1065,0,0
1066,0,0
1067,0,0
1068,0,0
1069,0,0
1070,0,1
1071,0,0
1072,0,0
1073,0,0
1074,0,0
1075,0,1
1076,0,0
1077,0,1
1078,0,0
1079,0,0
1080,0,0
1081,0,1
1082,0,0
1083,0,0
1084,0,0
1085,0,0
1086,0,0
1087,0,2
1088,0,0
1089,0,1
1090,0,0
1091,0,0
1092,0,0
1093,0,0
1094,0,0
1095,0,0
1096,0,0
1097,0,1
1098,0,1
1099,0,0
1100,0,0
1101,0,0
1102,0,0
1103,0,0
1104,0,0
1105,0,0
1106,0,0
1107,0,1
1108,0,0
1109,0,1
1110,0,0
1111,0,0
1112,0,0
1113,0,0
1114,0,0
1115,0,0
1116,0,0
1117,0,0
1118,0,0
1119,0,0
1120,0,0
1121,0,0
1122,0,1
1123,0,1
1124,0,0
1125,0,0
1126,0,0
1127,0,0
1128,0,0
1129,0,0
1130,0,0
1131,0,0
1132,0,0
1133,0,0
1134,0,0
1135,0,0
1136,0,0
1137,0,0
1138,0,0
1139,0,0
1140,0,0
1141,0,0
1142,0,0
1143,0,0
1144,0,0
1145,0,0
1146,0,0
1147,0,0
1148,0,1
1149,0,0
1150,0,0
1151,0,0
1152,0,0
1153,0,0
1154,0,0
1155,0,0
1156,0,0
1157,0,0
1158,0,0
1159,0,0
1160,0,0
1161,0,0
1162,0,1
1163,0,1
1164,0,0
1165,0,0
1166,0,0
1167,0,0
1168,0,0
1169,0,0
1170,0,0
1171,0,0
1172,0,0
1173,0,1
1174,0,0
1175,0,0
1176,0,0
1177,0,0
1178,0,0
1179,0,0
1180,0,0
1181,0,0
1182,0,0
1183,0,0
1184,0,0
1185,0,0
1186,0,0
1187,0,0
1188,0,1
1189,0,0
1190,0,0
1191,0,0
1192,0,0
1193,0,0
1194,0,0
1195,0,0
1196,0,0
1197,0,0
1198,0,0
1199,0,0
1200,0,0
1201,0,0
1202,0,0
1203,0,1
1204,0,0
1205,0,0
1206,0,0
1207,0,0
1208,0,0
1209,0,0
1210,0,0
1211,0,0
1212,0,0
1213,0,0
1214,0,0
1215,0,0
1216,0,1
1217,0,1
1218,0,0
1219,0,0
1220,0,0
1221,0,0
1222,0,0
1223,0,0
1224,0,0
1225,0,0
1226,0,0
1227,0,0
1228,0,0
1229,0,0
1230,0,0
1231,0,1
1232,0,0
1233,0,0
1234,0,0
1235,0,0
1236,0,0
1237,0,0
1238,0,0
1239,0,0
1240,0,0
1241,0,0
1242,0,0
1243,0,0
1244,0,0
1245,0,0
1246,0,0
1247,0,0
1248,0,0
1249,0,0
1250,0,0
1251,0,2
1252,0,0
1253,0,0
1254,0,0
1255,0,0
1256,0,0
1257,0,0
1258,0,0
1259,0,0
1260,0,0
1261,0,0
1262,0,0
1263,0,0
1264,0,0
1265,0,0
1266,0,0
1267,0,0
1268,0,0
1269,0,0
1270,0,0
1271,0,0
1272,0,0
1273,0,0
1274,0,0
1275,0,0
1276,0,0
1277,0,0
1278,0,0
1279,0,0
1280,0,0
1281,0,0
1282,0,0
1283,0,0
1284,0,0
1285,0,0
1286,0,0
1287,0,0
1288,0,0
1289,0,0
1290,0,0
1291,0,1
1292,0,0
1293,0,0
1294,0,0
1295,0,0
1296,0,1
1297,0,0
1298,0,0
1299,0,0
1300,0,0
1301,0,1
1302,0,0
1303,0,0
1304,0,0
1305,0,0
1306,0,0
1307,0,0
1308,0,0
1309,0,0
1310,0,0
1311,0,0
1312,0,0
1313,0,0
1314,0,0
1315,0,0
1316,0,1
1317,0,0
1318,0,0
1319,0,0
1320,0,0
1321,0,0
1322,0,0
1323,0,0
1324,0,0
1325,0,0
1326,0,0
1327,0,0
1328,0,0
1329,0,1
1330,0,0
1331,0,0
1332,0,0
1333,0,0
1334,0,0
1335,0,0
1336,0,0
1337,0,0
1338,0,0
1339,0,0
1340,0,0
1341,0,0
1342,0,0
1343,0,0
1344,0,0
1345,0,0
1346,0,0
1347,0,0
1348,0,0
1349,0,0
1350,0,0
1351,0,0
1352,0,0
1353,0,0
1354,0,0
1355,0,0
1356,0,0
1357,0,0
1358,0,0
1359,0,0
1360,0,0
1361,0,0
1362,0,0
1363,0,0
1364,0,0
1365,0,0
1366,0,0
1367,0,0
1368,0,0
1369,0,0
1370,0,0
1371,0,0
1372,0,0
1373,0,0
1374,0,0
1375,0,0
1376,0,0
1377,0,0
1378,0,0
1379,0,0
1380,0,0
1381,0,0
1382,0,0
1383,0,0
1384,0,0
1385,0,0
1386,0,0
1387,0,0
1388,0,0
1389,0,0
1390,0,0
1391,0,0
1392,0,0
1393,0,0
1394,0,0
1395,0,0
1396,0,0
1397,0,0
1398,0,0
1399,0,0
1400,0,0
1401,0,0
1402,0,0
1403,0,0
1404,0,0
1405,0,0
1406,0,0
1407,0,0
1408,0,0
1409,0,0
1410,0,0
1411,0,0
1412,0,0
1413,0,0
1414,0,0
1415,0,0
1416,0,0
1417,0,0
1418,0,0
1419,0,0
1420,0,0
1421,0,0
1422,0,0
1423,0,0
1424,0,0
1425,0,0
1426,0,0
1427,0,0
1428,0,0
1429,0,0
1430,0,0
1431,0,0
1432,0,0
1433,0,0
1434,0,0
1435,0,0
1436,0,0
1437,0,0
1438,0,0
1439,0,0
1440,0,0
1441,0,0
1442,0,0
1443,0,0
1444,0,0
1445,0,0
1446,0,0
1447,0,0
1448,0,0
1449,0,0
1450,0,0
1451,0,0
1452,0,0
1453,0,0
1454,0,0
1455,0,0
1456,0,0
1457,0,1
1458,0,0
1459,0,1
1460,0,0
1461,0,0
1462,0,0
1463,0,0
1464,0,0
1465,0,0
1466,0,0
1467,0,0
1468,0,0
1469,0,0
1470,0,0
1471,0,0
1472,0,0
1473,0,0
1474,0,1
1475,0,0
1476,0,0
1477,0,0
1478,0,0
1479,0,0
1480,0,0
1481,0,0
1482,0,0
1483,0,0
1484,0,0
1485,0,0
1486,0,0
1487,0,0
1488,0,0
1489,0,0
1490,0,0
1491,0,0
1492,0,0
1493,0,0
1494,0,0
1495,0,0
1496,0,0
1497,0,0
1498,0,0
1499,0,0
1500,0,0
1501,0,0
1502,0,0
1503,0,0
1504,0,0
1505,0,0
1506,0,0
1507,0,0
1508,0,0
1509,0,0
1510,0,0
1511,0,0
1512,0,0
1513,0,1
1514,0,0
1515,0,0
1516,0,0
1517,0,0
1518,0,0
1519,0,0
1520,0,0
1521,0,0
1522,0,0
1523,0,0
1524,0,0
1525,0,0
1526,0,0
1527,0,0
1528,0,0
1529,0,0
1530,0,0
1531,0,0
1532,0,0
1533,0,0
1534,0,0
1535,0,0
1536,0,0
1537,0,0
1538,0,0
1539,0,0
1540,0,0
1541,0,0
1542,0,0
1543,0,0
1544,0,0
1545,0,0
1546,0,0
1547,0,0
1548,0,0
1549,0,0
1550,0,0
1551,0,0
1552,0,0
1553,0,0
1554,0,0
1555,0,0
1556,0,0
1557,0,0
1558,0,0
1559,0,0
1560,0,0
1561,0,0
1562,0,0
1563,0,0
1564,0,0
1565,0,0
1566,0,0
1567,0,0
1568,0,0
1569,0,0
1570,0,0
1571,0,0
1572,0,0
1573,0,0
1574,0,0
1575,0,0
1576,0,0
1577,0,0
1578,0,0
1579,0,0
1580,0,0
1581,0,0
1582,0,0
1583,0,0
1584,0,0
1585,0,0
1586,0,0
1587,0,0
1588,0,0
1589,0,0
1590,0,0
1591,0,0
1592,0,0
1593,0,0
1594,0,0
1595,0,0
1596,0,0
1597,0,0
1598,0,0
1599,0,0
1600,0,0
1601,0,0
1602,0,0
1603,0,0
1604,0,0
1605,0,0
1606,0,0
1607,0,0
1608,0,0
1609,0,0
1610,0,0
1611,0,0
1612,0,0
1613,0,0
1614,0,0
1615,0,0
1616,0,0
1617,0,0
1618,0,0
1619,0,0
1620,0,0
1621,0,0
1622,0,0
1623,0,0
1624,0,0
1625,0,0
1626,0,0
1627,0,0
1628,0,0
1629,0,0
1630,0,0
1631,0,0
1632,0,0
1633,0,0
1634,0,0
1635,0,0
1636,0,0
1637,0,0
1638,0,0
1639,0,0
1640,0,0
1641,0,0
1642,0,0
1643,0,0
1644,0,0
1645,0,0
1646,0,0
1647,0,0
1648,0,0
1649,0,0
1650,0,0
1651,0,0
1652,0,0
1653,0,0
1654,0,0
1655,0,0
1656,0,0
1657,0,0
1658,0,0
1659,0,0
1660,0,0
1661,0,0
1662,0,0
1663,0,0
1664,0,0
1665,0,0
1666,0,0
1667,0,0
1668,0,0
1669,0,0
1670,0,0
1671,0,0
1672,0,0
1673,0,0
1674,0,0
1675,0,0
1676,0,0
1677,0,0
1678,0,0
1679,0,0
1680,0,0
1681,0,0
1682,0,0
1683,0,0
1684,0,0
1685,0,0
1686,0,0
1687,0,0
1688,0,0
1689,0,0
1690,0,0
1691,0,0
1692,0,0
1693,0,0
1694,0,0
1695,0,0
1696,0,0
1697,0,0
1698,0,0
1699,0,0
1700,0,0
1701,0,0
1702,0,0
1703,0,0
1704,0,0
1705,0,0
1706,0,0
1707,0,0
1708,0,0
1709,0,0
1710,0,0
1711,0,0
1712,0,0
1713,0,0
1714,0,0
1715,0,0
1716,0,0
1717,0,0
1718,0,0
1719,0,0
1720,0,0
1721,0,0
1722,0,0
1723,0,0
1724,0,0
1725,0,0
1726,0,0
1727,0,0
1728,0,0
1729,0,0
1730,0,0
1731,0,0
1732,0,0
1733,0,0
1734,0,0
1735,0,0
1736,0,0
1737,0,0
1738,0,0
1739,0,0
1740,0,0
1741,0,0
1742,0,0
1743,0,0
1744,0,0
1745,0,0
1746,0,0
1747,0,0
1748,0,0
1749,0,0
1750,0,0
1751,0,0
1752,0,0
1753,0,0
1754,0,0
1755,0,0
1756,0,0
1757,0,0
1758,0,0
1759,0,0
1760,0,0
1761,0,0
1762,0,0
1763,0,0
1764,0,0
1765,0,0
1766,0,0
1767,0,0
1768,0,0
1769,0,0
1770,0,0
1771,0,0
1772,0,0
1773,0,0
1774,0,0
1775,0,0
1776,0,0
1777,0,0
1778,0,0
1779,0,0
1780,0,0
1781,0,0
1782,0,0
1783,0,0
1784,0,0
1785,0,0
1786,0,0
1787,0,0
1788,0,0
1789,0,0
1790,0,0
1791,0,0
1792,0,0
1793,0,0
1794,0,0
1795,0,0
1796,0,0
1797,0,0
1798,0,0
1799,0,0
1800,0,0
1801,0,0
1802,0,0
1803,0,0
1804,0,0
1805,0,0
1806,0,0
1807,0,0
1808,0,0
1809,0,0
1810,0,0
1811,0,0
1812,0,0
1813,0,0
1814,0,0
1815,0,0
1816,0,0
1817,0,0
1818,0,0
1819,0,0
1820,0,0
1821,0,0
1822,0,0
1823,0,0
1824,0,0
1825,0,0
1826,0,0
1827,0,0
1828,0,0
1829,0,0
1830,0,0
1831,0,0
1832,0,0
1833,0,0
1834,0,0
1835,0,0
1836,0,0
1837,0,0
1838,0,0
1839,0,0
1840,0,0
1841,0,0
1842,0,0
1843,0,0
1844,0,0
1845,0,0
1846,0,0
1847,0,0
1848,0,0
1849,0,0
1850,0,0
1851,0,0
1852,0,0
1853,0,0
1854,0,0
1855,0,0
1856,0,0
1857,0,0
1858,0,0
1859,0,0
1860,0,0
1861,0,0
1862,0,0
1863,0,0
1864,0,0
1865,0,0
1866,0,0
1867,0,0
1868,0,0
1869,0,0
1870,0,0
1871,0,0
1872,0,0
1873,0,0
1874,0,0
1875,0,0
1876,0,0
1877,0,0
1878,0,0
1879,0,0
1880,0,0
1881,0,0
1882,0,0
1883,0,0
1884,0,0
1885,0,0
1886,0,0
1887,0,0
1888,0,0
1889,0,0
1890,0,0
1891,0,0
1892,0,0
1893,0,0
1894,0,0
1895,0,0
1896,0,0
1897,0,0
1898,0,0
1899,0,0
1900,0,0
1901,0,0
1902,0,0
1903,0,0
1904,0,0
1905,0,0
1906,0,0
1907,0,0
1908,0,0
1909,0,0
1910,0,0
1911,0,0
1912,0,0
1913,0,0
1914,0,0
1915,0,0
1916,0,0
1917,0,0
1918,0,0
1919,0,0
1920,0,0
1921,0,0
1922,0,0
1923,0,0
1924,0,0
1925,0,0
1926,0,0
1927,0,0
1928,0,0
1929,0,0
1930,0,0
1931,0,0
1932,0,0
1933,0,0
1934,0,0
1935,0,0
1936,0,0
1937,0,0
1938,0,0
1939,0,0
1940,0,0
1941,0,0
1942,0,0
1943,0,0
1944,0,0
1945,0,0
1946,0,0
1947,0,0
1948,0,0
1949,0,0
1950,0,0
1951,0,0
1952,0,0
1953,0,0
1954,0,0
1955,0,0
1956,0,0
1957,0,0
1958,0,0
1959,0,0
1960,0,0
1961,0,0
1962,0,0
1963,0,0
1964,0,0
1965,0,0
1966,0,0
1967,0,0
1968,0,0
1969,0,0
1970,0,0
1971,0,0
1972,0,0
1973,0,0
1974,0,0
1975,0,0
1976,0,0
1977,0,0
1978,0,0
1979,0,0
1980,0,0
1981,0,0
1982,0,0
1983,0,0
1984,0,0
1985,0,0
1986,0,0
1987,0,0
1988,0,0
1989,0,0
1990,0,0
1991,0,0
1992,0,0
1993,0,0
1994,0,0
1995,0,0
1996,0,0
1997,0,0
1998,0,0
1999,0,0
2000,0,0
2001,0,0
2002,0,0
2003,0,0
2004,0,0
2005,0,0
2006,0,0
2007,0,0
2008,0,0
2009,0,0
2010,0,0
2011,0,0
2012,0,0
2013,0,0
2014,0,0
2015,0,0
2016,0,0
2017,0,0
2018,0,0
2019,0,0
2020,0,0
2021,0,0
2022,0,0
2023,0,0
2024,0,0
2025,0,0
2026,0,0
2027,0,0
2028,0,0
2029,0,0
2030,0,0
2031,0,0
2032,0,0
2033,0,0
2034,0,0
2035,0,0
2036,0,0
2037,0,0
2038,0,0
2039,0,0
2040,0,0
2041,0,0
2042,0,0
2043,0,0
2044,0,0
2045,0,0
2046,0,0
2047,0,0
2048,0,0
2049,0,0
2050,0,0
2051,0,0
2052,0,0
2053,0,0
2054,0,0
2055,0,0
2056,0,0
2057,0,0
2058,0,0
2059,0,0
2060,0,0
2061,0,0
2062,0,0
2063,0,0
2064,0,0
2065,0,0
2066,0,0
2067,0,0
2068,0,0
2069,0,0
2070,0,0
2071,0,0
2072,0,0
2073,0,0
2074,0,0
2075,0,0
2076,0,0
2077,0,0
2078,0,0
2079,0,0
2080,0,0
2081,0,0
2082,0,0
2083,0,0
2084,0,0
2085,0,0
2086,0,0
2087,0,0
2088,0,0
2089,0,0
2090,0,0
2091,0,0
2092,0,0
2093,0,0
2094,0,0
2095,0,0
2096,0,0
2097,0,0
2098,0,0
2099,0,0
2100,0,0
2101,0,0
2102,0,0
2103,0,0
2104,0,0
2105,0,0
2106,0,0
2107,0,0
2108,0,0
2109,0,0
2110,0,0
2111,0,0
2112,0,0
2113,0,0
2114,0,0
2115,0,0
2116,0,0
2117,0,0
2118,0,0
2119,0,0
2120,0,0
2121,0,0
2122,0,0
2123,0,0
2124,0,0
2125,0,0
2126,0,0
2127,0,0
2128,0,0
2129,0,0
2130,0,0
2131,0,0
2132,0,0
2133,0,0
2134,0,0
2135,0,0
2136,0,0
2137,0,0
2138,0,0
2139,0,0
2140,0,0
2141,0,0
2142,0,0
2143,0,0
2144,0,0
2145,0,0
2146,0,0
2147,0,0
2148,0,0
2149,0,0
2150,0,0
2151,0,0
2152,0,0
2153,0,0
2154,0,0
2155,0,0
2156,0,0
2157,0,0
2158,0,0
2159,0,0
2160,0,0
2161,0,0
2162,0,0
2163,0,0
2164,0,0
2165,0,0
2166,0,0
2167,0,0
2168,0,0
2169,0,0
2170,0,0
2171,0,0
2172,0,0
2173,0,0
2174,0,0
2175,0,0
2176,0,0
2177,0,0
2178,0,0
2179,0,0
2180,0,0
2181,0,0
2182,0,0
2183,0,0
2184,0,0
2185,0,0
2186,0,0
2187,0,0
2188,0,0
2189,0,0
2190,0,0
2191,0,0
2192,0,0
2193,0,0
2194,0,0
2195,0,0
2196,0,0
2197,0,0
2198,0,0
2199,0,0
2200,0,0
2201,0,0
2202,0,0
2203,0,0
2204,0,0
2205,0,0
2206,0,0
2207,0,0
2208,0,0
2209,0,0
2210,0,0
2211,0,0
2212,0,0
2213,0,0
2214,0,0
2215,0,0
2216,0,0
2217,0,0
2218,0,0
2219,0,0
2220,0,0
2221,0,0
2222,0,0
2223,0,0
2224,0,0
2225,0,0
2226,0,0
2227,0,0
2228,0,0
2229,0,0
2230,0,0
2231,0,0
2232,0,0
2233,0,0
2234,0,0
2235,0,0
2236,0,0
2237,0,0
2238,0,0
2239,0,0
2240,0,0
2241,0,0
2242,0,0
2243,0,0
2244,0,0
2245,0,0
2246,0,0
2247,0,0
2248,0,0
2249,0,0
2250,0,0
2251,0,0
2252,0,0
2253,0,0
2254,0,0
2255,0,0
2256,0,0
2257,0,0
2258,0,0
2259,0,0
2260,0,0
2261,0,0
2262,0,0
2263,0,0
2264,0,0
2265,0,0
2266,0,0
2267,0,0
2268,0,0
2269,0,0
2270,0,0
2271,0,0
2272,0,0
2273,0,0
2274,0,0
2275,0,0
2276,0,0
2277,0,0
2278,0,0
2279,0,0
2280,0,0
2281,0,0
2282,0,0
2283,0,0
2284,0,0
2285,0,0
2286,0,0
2287,0,0
2288,0,1
2289,0,0
2290,0,0
2291,0,0
2292,0,0
2293,0,0
2294,0,0
2295,0,0
2296,0,0
2297,0,0
2298,0,0
2299,0,0
2300,0,0
2301,0,0
2302,0,0
2303,0,0
2304,0,0
2305,0,0
2306,0,0
2307,0,0
2308,0,0
2309,0,0
2310,0,0
2311,0,0
2312,0,0
2313,0,0
2314,0,0
2315,0,0
2316,0,0
2317,0,0
2318,0,0
2319,0,0
2320,0,0
2321,0,0
2322,0,0
2323,0,0
2324,0,0
2325,0,0
2326,0,0
2327,0,0
2328,0,0
2329,0,0
2330,0,0
2331,0,0
2332,0,0
2333,0,0
2334,0,0
2335,0,0
2336,0,0
2337,0,0
2338,0,0
2339,0,0
2340,0,0
2341,0,0
2342,0,0
2343,0,0
2344,0,0
2345,0,0
2346,0,0
2347,0,0
2348,0,0
2349,0,0
2350,0,0
2351,0,0
2352,0,0
2353,0,0
2354,0,0
2355,0,0
2356,0,0
2357,0,0
2358,0,0
2359,0,0
2360,0,0
2361,0,0
2362,0,0
2363,0,0
2364,0,0
2365,0,0
2366,0,0
2367,0,0
2368,0,0
2369,0,0
2370,0,0
2371,0,0
2372,0,0
2373,0,0
2374,0,0
2375,0,0
2376,0,0
2377,0,0
2378,0,0
2379,0,0
2380,0,0
2381,0,0
2382,0,0
2383,0,0
2384,0,0
2385,0,0
2386,0,0
2387,0,0
2388,0,0
2389,0,0
2390,0,0
2391,0,0
2392,0,0
2393,0,0
2394,0,0
2395,0,0
2396,0,0
2397,0,0
2398,0,0
2399,0,0
2400,0,0
2401,0,0
2402,0,0
2403,0,0
2404,0,0
2405,0,0
2406,0,0
2407,0,0
2408,0,0
2409,0,0
2410,0,0
2411,0,0
2412,0,0
2413,0,0
2414,0,0
2415,0,0
2416,0,0
2417,0,0
2418,0,0
2419,0,0
2420,0,0
2421,0,0
2422,0,0
2423,0,0
2424,0,0
2425,0,0
2426,0,0
2427,0,0
2428,0,0
2429,0,0
2430,0,0
2431,0,0
2432,0,0
2433,0,0
2434,0,0
2435,0,0
2436,0,0
2437,0,0
2438,0,0
2439,0,0
2440,0,0
2441,0,0
2442,0,0
2443,0,0
2444,0,0
2445,0,0
2446,0,0
2447,0,0
2448,0,0
2449,0,0
2450,0,0
2451,0,0
2452,0,0
2453,0,0
2454,0,0
2455,0,0
2456,0,0
2457,0,0
2458,0,0
2459,0,0
2460,0,0
2461,0,0
2462,0,0
2463,0,0
2464,0,0
2465,0,0
2466,0,0
2467,0,0
2468,0,0
2469,0,0
2470,0,0
2471,0,0
2472,0,0
2473,0,0
2474,0,0
2475,0,0
2476,0,0
2477,0,0
2478,0,0
2479,0,0
2480,0,0
2481,0,0
2482,0,0
2483,0,0
2484,0,0
2485,0,0
2486,0,0
2487,0,0
2488,0,0
2489,0,0
2490,0,0
2491,0,0
2492,0,0
2493,0,0
2494,0,0
2495,0,0
2496,0,0
2497,0,0
2498,0,0
2499,0,0
2500,0,0
2501,0,0
2502,0,0
2503,0,0
2504,0,0
2505,0,0
2506,0,0
2507,0,0
2508,0,0
2509,0,0
2510,0,0
2511,0,0
2512,0,0
2513,0,0
2514,0,0
2515,0,0
2516,0,0
2517,0,0
2518,0,0
2519,0,0
2520,0,0
2521,0,0
2522,0,0
2523,0,0
2524,0,0
2525,0,0
2526,0,0
2527,0,0
2528,0,0
2529,0,0
2530,0,0
2531,0,0
2532,0,0
2533,0,0
2534,0,0
2535,0,0
2536,0,0
2537,0,0
2538,0,0
2539,0,0
2540,0,0
2541,0,0
2542,0,0
2543,0,0
2544,0,0
2545,0,0
2546,0,0
2547,0,0
2548,0,0
2549,0,0
2550,0,0
2551,0,0
2552,0,0
2553,0,0
2554,0,0
2555,0,0
2556,0,0
2557,0,0
2558,0,0
2559,0,0
2560,0,0
2561,0,0
2562,0,0
2563,0,0
2564,0,0
2565,0,0
2566,0,0
2567,0,0
2568,0,0
2569,0,0
2570,0,0
2571,0,0
2572,0,0
2573,0,0
2574,0,0
2575,0,0
2576,0,0
2577,0,0
2578,0,0
2579,0,0
2580,0,0
2581,0,0
2582,0,0
2583,0,0
2584,0,0
2585,0,0
2586,0,0
2587,0,0
2588,0,0
2589,0,0
2590,0,0
2591,0,0
2592,0,0
2593,0,0
2594,0,0
2595,0,0
2596,0,0
2597,0,0
2598,0,0
2599,0,0
2600,0,0
2601,0,0
2602,0,0
2603,0,0
2604,0,0
2605,0,0
2606,0,0
2607,0,0
2608,0,0
2609,0,0
2610,0,0
2611,0,0
2612,0,0
2613,0,0
2614,0,0
2615,0,0
2616,0,0
2617,0,0
2618,0,0
2619,0,0
2620,0,0
2621,0,0
2622,0,0
2623,0,0
2624,0,0
2625,0,0
2626,0,0
2627,0,0
2628,0,0
2629,0,0
2630,0,0
2631,0,0
2632,0,0
2633,0,0
2634,0,0
2635,0,0
2636,0,0
2637,0,0
2638,0,0
2639,0,0
2640,0,0
2641,0,0
2642,0,0
2643,0,0
2644,0,0
2645,0,0
2646,0,0
2647,0,0
2648,0,0
2649,0,0
2650,0,0
2651,0,0
2652,0,0
2653,0,0
2654,0,0
2655,0,0
2656,0,0
2657,0,0
2658,0,0
2659,0,0
2660,0,0
2661,0,0
2662,0,0
2663,0,0
2664,0,0
2665,0,0
2666,0,0
2667,0,0
2668,0,0
2669,0,0
2670,0,0
2671,0,0
2672,0,0
2673,0,0
2674,0,0
2675,0,0
2676,0,0
2677,0,0
2678,0,0
2679,0,0
2680,0,0
2681,0,0
2682,0,0
2683,0,0
2684,0,0
2685,0,0
2686,0,0
2687,0,0
2688,0,0
2689,0,0
2690,0,0
2691,0,0
2692,0,0
2693,0,0
2694,0,0
2695,0,0
2696,0,0
2697,0,0
2698,0,0
2699,0,0
2700,0,0
2701,0,0
2702,0,0
2703,0,0
2704,0,0
2705,0,0
2706,0,0
2707,0,0
2708,0,0
2709,0,0
2710,0,0
2711,0,0
2712,0,0
2713,0,0
2714,0,0
2715,0,0
2716,0,0
2717,0,0
2718,0,0
2719,0,0
2720,0,0
2721,0,0
2722,0,0
2723,0,0
2724,0,0
2725,0,0
2726,0,0
2727,0,0
2728,0,0
2729,0,0
2730,0,0
2731,0,0
2732,0,0
2733,0,0
2734,0,0
2735,0,0
2736,0,0
2737,0,0
2738,0,0
2739,0,0
2740,0,0
2741,0,0
2742,0,0
2743,0,0
2744,0,0
2745,0,0
2746,0,0
2747,0,0
2748,0,0
2749,0,0
2750,0,0
2751,0,0
2752,0,0
2753,0,0
2754,0,0
2755,0,0
2756,0,0
2757,0,0
2758,0,0
2759,0,0
2760,0,0
2761,0,0
2762,0,0
2763,0,0
2764,0,0
2765,0,0
2766,0,0
2767,0,0
2768,0,0
2769,0,0
2770,0,0
2771,0,0
2772,0,0
2773,0,0
2774,0,0
2775,0,0
2776,0,0
2777,0,0
2778,0,0
2779,0,0
2780,0,0
2781,0,0
2782,0,0
2783,0,0
2784,0,0
2785,0,0
2786,0,0
2787,0,0
2788,0,0
2789,0,0
2790,0,0
2791,0,0
2792,0,0
2793,0,0
2794,0,0
2795,0,0
2796,0,0
2797,0,0
2798,0,0
2799,0,0
2800,0,0
2801,0,0
2802,0,0
2803,0,0
2804,0,0
2805,0,0
2806,0,0
2807,0,0
2808,0,0
2809,0,0
2810,0,0
2811,0,0
2812,0,0
2813,0,0
2814,0,0
2815,0,0
2816,0,0
2817,0,0
2818,0,0
2819,0,0
2820,0,0
2821,0,0
2822,0,0
2823,0,0
2824,0,0
2825,0,0
2826,0,0
2827,0,0
2828,0,0
2829,0,0
2830,0,0
2831,0,0
2832,0,0
2833,0,0
2834,0,0
2835,0,0
2836,0,0
2837,0,0
2838,0,0
2839,0,0
2840,0,0
2841,0,0
2842,0,0
2843,0,0
2844,0,0
2845,0,0
2846,0,0
2847,0,0
2848,0,0
2849,0,0
2850,0,0
2851,0,0
2852,0,0
2853,0,0
2854,0,0
2855,0,0
2856,0,0
2857,0,0
2858,0,0
2859,0,0
2860,0,0
2861,0,0
2862,0,0
2863,0,0
2864,0,0
2865,0,0
2866,0,0
2867,0,0
2868,0,0
2869,0,0
2870,0,0
2871,0,0
2872,0,0
2873,0,0
2874,0,0
2875,0,0
2876,0,0
2877,0,0
2878,0,0
2879,0,0
2880,0,0
2881,0,0
2882,0,0
2883,0,0
2884,0,0
2885,0,0
2886,0,0
2887,0,0
2888,0,0
2889,0,0
2890,0,0
2891,0,0
2892,0,0
2893,0,0
2894,0,0
2895,0,0
2896,0,0
2897,0,0
2898,0,0
2899,0,0
2900,0,0
2901,0,0
2902,0,0
2903,0,0
2904,0,0
2905,0,0
2906,0,0
2907,0,0
2908,0,0
2909,0,0
2910,0,0
2911,0,0
2912,0,0
2913,0,0
2914,0,0
2915,0,0
2916,0,0
2917,0,0
2918,0,0
2919,0,0
2920,0,0
2921,0,0
2922,0,0
2923,0,0
2924,0,0
2925,0,0
2926,0,0
2927,0,0
2928,0,0
2929,0,0
2930,0,0
2931,0,0
2932,0,0
2933,0,0
2934,0,0
2935,0,0
2936,0,0
2937,0,0
2938,0,0
2939,0,0
2940,0,0
2941,0,0
2942,0,0
2943,0,0
2944,0,0
2945,0,0
2946,0,0
2947,0,0
2948,0,0
2949,0,0
2950,0,0
2951,0,0
2952,0,0
2953,0,0
2954,0,0
2955,0,0
2956,0,0
2957,0,0
2958,0,0
2959,0,0
2960,0,0
2961,0,0
2962,0,0
2963,0,0
2964,0,0
2965,0,0
2966,0,0
2967,0,0
2968,0,0
2969,0,0
2970,0,0
2971,0,0
2972,0,0
2973,0,0
2974,0,0
2975,0,0
2976,0,0
2977,0,0
2978,0,0
2979,0,0
2980,0,0
2981,0,0
2982,0,0
2983,0,0
2984,0,0
2985,0,0
2986,0,0
2987,0,0
2988,0,0
2989,0,0
2990,0,0
2991,0,0
2992,0,0
2993,0,0
2994,0,0
2995,0,0
2996,0,0
2997,0,0
2998,0,0
2999,0,0
3000,0,0
3001,0,0
3002,0,0
3003,0,0
3004,0,0
3005,0,0
3006,0,0
3007,0,0
3008,0,0
3009,0,0
3010,0,0
3011,0,0
3012,0,0
3013,0,0
3014,0,0
3015,0,0
3016,0,0
3017,0,0
3018,0,0
3019,0,0
3020,0,0
3021,0,0
3022,0,0
3023,0,0
3024,0,0
3025,0,0
3026,0,0
3027,0,0
3028,0,0
3029,0,0
3030,0,0
3031,0,0
3032,0,0
3033,0,0
3034,0,0
3035,0,0
3036,0,0
3037,0,0
3038,0,0
3039,0,0
3040,0,0
3041,0,0
3042,0,0
3043,0,0
3044,0,0
3045,0,0
3046,0,0
3047,0,0
3048,0,0
3049,0,0
3050,0,0
3051,0,0
3052,0,0
3053,0,0
3054,0,0
3055,0,0
3056,0,0
3057,0,0
3058,0,0
3059,0,0
3060,0,0
3061,0,0
3062,0,0
3063,0,0
3064,0,0
3065,0,0
3066,0,0
3067,0,0
3068,0,0
3069,0,0
3070,0,0
3071,0,0
3072,0,0
3073,0,0
3074,0,0
3075,0,0
3076,0,0
3077,0,0
3078,0,0
3079,0,0
3080,0,0
3081,0,0
3082,0,0
3083,0,0
3084,0,0
3085,0,0
3086,0,0
3087,0,0
3088,0,0
3089,0,0
3090,0,0
3091,0,0
3092,0,0
3093,0,0
3094,0,0
3095,0,0
3096,0,0
3097,0,0
3098,0,0
3099,0,0
3100,0,0
3101,0,0
3102,0,0
3103,0,0
3104,0,0
3105,0,0
3106,0,0
3107,0,0
3108,0,0
3109,0,0
3110,0,0
3111,0,0
3112,0,0
3113,0,0
3114,0,0
3115,0,0
3116,0,0
3117,0,0
3118,0,0
3119,0,0
3120,0,0
3121,0,0
3122,0,0
3123,0,0
3124,0,0
3125,0,0
3126,0,0
3127,0,0
3128,0,0
3129,0,0
3130,0,0
3131,0,0
3132,0,0
3133,0,0
3134,0,0
3135,0,0
3136,0,0
3137,0,0
3138,0,0
3139,0,0
3140,0,0
3141,0,0
3142,0,0
3143,0,0
3144,0,0
3145,0,0
3146,0,0
3147,0,0
3148,0,0
3149,0,0
3150,0,0
3151,0,0
3152,0,0
3153,0,0
3154,0,0
3155,0,0
3156,0,0
3157,0,0
3158,0,0
3159,0,0
3160,0,0
3161,0,0
3162,0,0
3163,0,0
3164,0,0
3165,0,0
3166,0,0
3167,0,0
3168,0,0
3169,0,0
3170,0,0
3171,0,0
3172,0,0
3173,0,0
3174,0,0
3175,0,0
3176,0,0
3177,0,0
3178,0,0
3179,0,0
3180,0,0
3181,0,0
3182,0,0
3183,0,0
3184,0,0
3185,0,0
3186,0,0
3187,0,0
3188,0,0
3189,0,0
3190,0,0
3191,0,0
3192,0,0
3193,0,0
3194,0,0
3195,0,0
3196,0,0
3197,0,0
3198,0,0
3199,0,0
3200,0,0
3201,0,0
3202,0,0
3203,0,0
3204,0,0
3205,0,0
3206,0,0
3207,0,0
3208,0,0
3209,0,0
3210,0,0
3211,0,0
3212,0,0
3213,0,0
3214,0,0
3215,0,0
3216,0,0
3217,0,0
3218,0,0
3219,0,0
3220,0,0
3221,0,0
3222,0,0
3223,0,0
3224,0,0
3225,0,0
3226,0,0
3227,0,0
3228,0,0
3229,0,0
3230,0,0
3231,0,0
3232,0,0
3233,0,0
3234,0,0
3235,0,0
3236,0,0
3237,0,0
3238,0,0
3239,0,0
3240,0,0
3241,0,0
3242,0,0
3243,0,0
3244,0,0
3245,0,0
3246,0,0
3247,0,0
3248,0,0
3249,0,0
3250,0,0
3251,0,0
3252,0,0
3253,0,0
3254,0,0
3255,0,0
3256,0,0
3257,0,0
3258,0,0
3259,0,0
3260,0,0
3261,0,0
3262,0,0
3263,0,0
3264,0,0
3265,0,0
3266,0,0
3267,0,0
3268,0,0
3269,0,0
3270,0,0
3271,0,0
3272,0,0
3273,0,0
3274,0,0
3275,0,0
3276,0,0
3277,0,0
3278,0,0
3279,0,0
3280,0,0
3281,0,0
3282,0,0
3283,0,0
3284,0,0
3285,0,0
3286,0,0
3287,0,0
3288,0,0
3289,0,0
3290,0,0
3291,0,0
3292,0,0
3293,0,0
3294,0,0
3295,0,0
3296,0,0
3297,0,0
3298,0,0
3299,0,0
3300,0,0
3301,0,0
3302,0,0
3303,0,0
3304,0,0
3305,0,0
3306,0,0
3307,0,0
3308,0,0
3309,0,0
3310,0,0
3311,0,0
3312,0,0
3313,0,0
3314,0,0
3315,0,0
3316,0,0
3317,0,0
3318,0,0
3319,0,0
3320,0,0
3321,0,0
3322,0,0
3323,0,0
3324,0,0
3325,0,0
3326,0,0
3327,0,0
3328,0,0
3329,0,0
3330,0,0
3331,0,0
3332,0,0
3333,0,0
3334,0,0
3335,0,0
3336,0,0
3337,0,0
3338,0,0
3339,0,0
3340,0,0
3341,0,0
3342,0,0
3343,0,0
3344,0,0
3345,0,0
3346,0,0
3347,0,0
3348,0,0
3349,0,0
3350,0,0
3351,0,0
3352,0,0
3353,0,0
3354,0,0
3355,0,0
3356,0,0
3357,0,0
3358,0,0
3359,0,0
3360,0,0
3361,0,0
3362,0,0
3363,0,0
3364,0,0
3365,0,0
3366,0,0
3367,0,0
3368,0,0
3369,0,0
3370,0,0
3371,0,0
3372,0,0
3373,0,0
3374,0,0
3375,0,0
3376,0,0
3377,0,0
3378,0,0
3379,0,0
3380,0,0
3381,0,0
3382,0,0
3383,0,0
3384,0,0
3385,0,0
3386,0,0
3387,0,0
3388,0,0
3389,0,0
3390,0,0
3391,0,0
3392,0,0
3393,0,0
3394,0,0
3395,0,0
3396,0,0
3397,0,0
3398,0,0
3399,0,0
3400,0,0
3401,0,0
3402,0,0
3403,0,0
3404,0,0
3405,0,0
3406,0,0
3407,0,0
3408,0,0
3409,0,0
3410,0,0
3411,0,0
3412,0,0
3413,0,0
3414,0,0
3415,0,0
3416,0,0
3417,0,0
3418,0,0
3419,0,0
3420,0,0
3421,0,0
3422,0,0
3423,0,0
3424,0,0
3425,0,0
3426,0,0
3427,0,0
3428,0,0
3429,0,0
3430,0,0
3431,0,0
3432,0,0
3433,0,0
3434,0,0
3435,0,0
3436,0,0
3437,0,0
3438,0,0
3439,0,0
3440,0,0
3441,0,0
3442,0,0
3443,0,0
3444,0,0
3445,0,0
3446,0,0
3447,0,0
3448,0,0
3449,0,0
3450,0,0
3451,0,0
3452,0,0
3453,0,0
3454,0,0
3455,0,0
3456,0,0
3457,0,0
3458,0,0
3459,0,0
3460,0,0
3461,0,0
3462,0,0
3463,0,0
3464,0,0
3465,0,0
3466,0,0
3467,0,0
3468,0,0
3469,0,0
3470,0,0
3471,0,0
3472,0,0
3473,0,0
3474,0,0
3475,0,0
3476,0,0
3477,0,0
3478,0,0
3479,0,0
3480,0,0
3481,0,0
3482,0,0
3483,0,0
3484,0,0
3485,0,0
3486,0,0
3487,0,0
3488,0,0
3489,0,0
3490,0,0
3491,0,0
3492,0,0
3493,0,0
3494,0,0
3495,0,0
3496,0,0
3497,0,0
3498,0,0
3499,0,0
3500,0,0
3501,0,0
3502,0,0
3503,0,0
3504,0,0
3505,0,0
3506,0,0
3507,0,0
3508,0,0
3509,0,0
3510,0,0
3511,0,0
3512,0,0
3513,0,0
3514,0,0
3515,0,0
3516,0,0
3517,0,0
3518,0,0
3519,0,0
3520,0,0
3521,0,0
3522,0,0
3523,0,0
3524,0,0
3525,0,0
3526,0,0
3527,0,0
3528,0,0
3529,0,0
3530,0,0
3531,0,0
3532,0,0
3533,0,0
3534,0,0
3535,0,0
3536,0,0
3537,0,0
3538,0,0
3539,0,0
3540,0,0
3541,0,0
3542,0,0
3543,0,0
3544,0,0
3545,0,0
3546,0,0
3547,0,0
3548,0,0
3549,0,0
3550,0,0
3551,0,0
3552,0,0
3553,0,0
3554,0,0
3555,0,0
3556,0,0
3557,0,0
3558,0,0
3559,0,0
3560,0,0
3561,0,0
3562,0,0
3563,0,0
3564,0,0
3565,0,0
3566,0,0
3567,0,0
3568,0,0
3569,0,0
3570,0,0
3571,0,0
3572,0,0
3573,0,0
3574,0,0
3575,0,0
3576,0,0
3577,0,0
3578,0,0
3579,0,0
3580,0,0
3581,0,0
3582,0,0
3583,0,0
3584,0,0
3585,0,0
3586,0,0
3587,0,0
3588,0,0
3589,0,0
3590,0,0
3591,0,0
3592,0,0
3593,0,0
3594,0,0
3595,0,0
3596,0,0
3597,0,0
3598,0,0
3599,0,0
3600,0,0
3601,0,0
3602,0,0
3603,0,0
3604,0,0
3605,0,0
3606,0,0
3607,0,0
3608,0,0
3609,0,0
3610,0,0
3611,0,0
3612,0,0
3613,0,0
3614,0,0
3615,0,0
3616,0,0
3617,0,0
3618,0,0
3619,0,0
3620,0,0
3621,0,0
3622,0,0
3623,0,0
3624,0,0
3625,0,0
3626,0,0
3627,0,0
3628,0,0
3629,0,0
3630,0,0
3631,0,0
3632,0,0
3633,0,0
3634,0,0
3635,0,0
3636,0,0
3637,0,0
3638,0,0
3639,0,0
3640,0,0
3641,0,0
3642,0,0
3643,0,0
3644,0,0
3645,0,0
3646,0,0
3647,0,0
3648,0,0
3649,0,0
3650,0,0
3651,0,0
3652,0,0
3653,0,0
3654,0,0
3655,0,0
3656,0,0
3657,0,0
3658,0,0
3659,0,0
3660,0,0
3661,0,0
3662,0,0
3663,0,0
3664,0,0
3665,0,0
3666,0,0
3667,0,0
3668,0,0
3669,0,0
3670,0,0
3671,0,0
3672,0,0
3673,0,0
3674,0,0
3675,0,0
3676,0,0
3677,0,0
3678,0,0
3679,0,0
3680,0,0
3681,0,0
3682,0,0
3683,0,0
3684,0,0
3685,0,0
3686,0,0
3687,0,0
3688,0,0
3689,0,0
3690,0,0
3691,0,0
3692,0,0
3693,0,0
3694,0,0
3695,0,0
3696,0,0
3697,0,0
3698,0,0
3699,0,0
3700,0,0
3701,0,0
3702,0,0
3703,0,0
3704,0,0
3705,0,0
3706,0,0
3707,0,0
3708,0,0
3709,0,0
3710,0,0
3711,0,0
3712,0,0
3713,0,0
3714,0,0
3715,0,0
3716,0,0
3717,0,0
3718,0,0
3719,0,0
3720,0,0
3721,0,0
3722,0,0
3723,0,0
3724,0,0
3725,0,0
3726,0,0
3727,0,0
3728,0,0
3729,0,0
3730,0,0
3731,0,0
3732,0,0
3733,0,0
3734,0,0
3735,0,0
3736,0,0
3737,0,0
3738,0,0
3739,0,0
3740,0,0
3741,0,0
3742,0,0
3743,0,0
3744,0,0
3745,0,0
3746,0,0
3747,0,0
3748,0,0
3749,0,0
3750,0,0
3751,0,0
3752,0,0
3753,0,0
3754,0,0
3755,0,0
3756,0,0
3757,0,0
3758,0,0
3759,0,0
3760,0,0
3761,0,0
3762,0,0
3763,0,0
3764,0,0
3765,0,0
3766,0,0
3767,0,0
3768,0,0
3769,0,0
3770,0,0
3771,0,0
3772,0,0
3773,0,0
3774,0,0
3775,0,0
3776,0,0
3777,0,0
3778,0,0
3779,0,0
3780,0,0
3781,0,0
3782,0,0
3783,0,0
3784,0,0
3785,0,0
3786,0,0
3787,0,0
3788,0,0
3789,0,0
3790,0,0
3791,0,0
3792,0,0
3793,0,0
3794,0,0
3795,0,0
3796,0,0
3797,0,0
3798,0,0
3799,0,0
3800,0,0
3801,0,0
3802,0,0
3803,0,0
3804,0,0
3805,0,0
3806,0,0
3807,0,0
3808,0,0
3809,0,0
3810,0,0
3811,0,0
3812,0,0
3813,0,0
3814,0,0
3815,0,0
3816,0,0
3817,0,0
3818,0,0
3819,0,0
3820,0,0
3821,0,0
3822,0,0
3823,0,0
3824,0,0
3825,0,0
3826,0,0
3827,0,0
3828,0,0
3829,0,0
3830,0,0
3831,0,0
3832,0,0
3833,0,0
3834,0,0
3835,0,0
3836,0,0
3837,0,0
3838,0,0
3839,0,0
3840,0,0
3841,0,0
3842,0,0
3843,0,0
3844,0,0
3845,0,0
3846,0,0
3847,0,0
3848,0,0
3849,0,0
3850,0,0
3851,0,0
3852,0,0
3853,0,0
3854,0,0
3855,0,0
3856,0,0
3857,0,0
3858,0,0
3859,0,0
3860,0,0
3861,0,0
3862,0,0
3863,0,0
3864,0,0
3865,0,0
3866,0,0
3867,0,0
3868,0,0
3869,0,0
3870,0,0
3871,0,0
3872,0,0
3873,0,0
3874,0,0
3875,0,0
3876,0,0
3877,0,0
3878,0,0
3879,0,0
3880,0,0
3881,0,0
3882,0,0
3883,0,0
3884,0,0
3885,0,0
3886,0,0
3887,0,0
3888,0,0
3889,0,0
3890,0,0
3891,0,0
3892,0,0
3893,0,0
3894,0,0
3895,0,0
3896,0,0
3897,0,0
3898,0,0
3899,0,0
3900,0,0
3901,0,0
3902,0,0
3903,0,0
3904,0,0
3905,0,0
3906,0,0
3907,0,0
3908,0,0
3909,0,0
3910,0,0
3911,0,0
3912,0,0
3913,0,0
3914,0,0
3915,0,0
3916,0,0
3917,0,0
3918,0,0
3919,0,0
3920,0,0
3921,0,0
3922,0,0
3923,0,0
3924,0,0
3925,0,0
3926,0,0
3927,0,0
3928,0,0
3929,0,0
3930,0,0
3931,0,0
3932,0,0
3933,0,0
3934,0,0
3935,0,0
3936,0,0
3937,0,0
3938,0,0
3939,0,0
3940,0,0
3941,0,0
3942,0,0
3943,0,0
3944,0,0
3945,0,0
3946,0,0
3947,0,0
3948,0,0
3949,0,0
3950,0,0
3951,0,0
3952,0,0
3953,0,0
3954,0,0
3955,0,0
3956,0,0
3957,0,0
3958,0,0
3959,0,0
3960,0,0
3961,0,0
3962,0,0
3963,0,0
3964,0,0
3965,0,0
3966,0,0
3967,0,0
3968,0,0
3969,0,0
3970,0,0
3971,0,0
3972,0,0
3973,0,0
3974,0,0
3975,0,0
3976,0,0
3977,0,0
3978,0,0
3979,0,0
3980,0,0
3981,0,0
3982,0,0
3983,0,0
3984,0,0
3985,0,0
3986,0,0
3987,0,0
3988,0,0
3989,0,0
3990,0,0
3991,0,0
3992,0,0
3993,0,0
3994,0,0
3995,0,0
3996,0,0
3997,0,0
3998,0,0
3999,0,0
4000,0,0
4001,0,0
4002,0,0
4003,0,0
4004,0,0
4005,0,0
4006,0,0
4007,0,0
4008,0,0
4009,0,0
4010,0,0
4011,0,0
4012,0,0
4013,0,0
4014,0,0
4015,0,0
4016,0,0
4017,0,0
4018,0,0
4019,0,0
4020,0,0
4021,0,0
4022,0,0
4023,0,0
4024,0,0
4025,0,0
4026,0,0
4027,0,0
4028,0,0
4029,0,0
4030,0,0
4031,0,0
4032,0,0
4033,0,0
4034,0,0
4035,0,0
4036,0,0
4037,0,0
4038,0,0
4039,0,0
4040,0,0
4041,0,0
4042,0,0
4043,0,0
4044,0,0
4045,0,0
4046,0,0
4047,0,0
4048,0,0
4049,0,0
4050,0,0
4051,0,0
4052,0,0
4053,0,0
4054,0,0
4055,0,0
4056,0,0
4057,0,0
4058,0,0
4059,0,0
4060,0,0
4061,0,0
4062,0,0
4063,0,0
4064,0,0
4065,0,0
4066,0,0
4067,0,0
4068,0,0
4069,0,0
4070,0,0
4071,0,0
4072,0,0
4073,0,0
4074,0,0
4075,0,0
4076,0,0
4077,0,0
4078,0,0
4079,0,0
4080,0,0
4081,0,0
4082,0,0
4083,0,0
4084,0,0
4085,0,0
4086,0,0
4087,0,0
4088,0,0
4089,0,0
4090,0,0
4091,0,0
4092,0,0
4093,0,0
4094,0,0
4095,0,0
